{
  "name": "angular-file-upload",
  "main": "dist/angular-file-upload.min.js",
  "homepage": "https://github.com/nervgh/angular-file-upload",
  "ignore": [
    "examples"
  ],
  "dependencies": {
    "angular": "^1.1.5"
  },
  "devDependencies": {
    "es5-shim": ">=3.4.0"
  },
  "keywords": [
    "angular",
    "file",
    "upload",
    "module"
  ],
  "version": "2.2.0",
  "_release": "2.2.0",
  "_resolution": {
    "type": "version",
    "tag": "v2.2.0",
    "commit": "f8c81dfa1eb6334a374ad3e976715492ab602dbc"
  },
  "_source": "https://github.com/nervgh/angular-file-upload.git",
  "_target": "2.2.0",
  "_originalSource": "angular-file-upload"
}