{
  "name": "chart.js",
  "description": "Simple HTML5 charts using the canvas element.",
  "homepage": "http://www.chartjs.org",
  "license": "MIT",
  "version": "2.6.0",
  "main": "./dist/Chart.js",
  "ignore": [
    ".github",
    ".codeclimate.yml",
    ".gitignore",
    ".npmignore",
    ".travis.yml",
    "scripts"
  ],
  "_release": "2.6.0",
  "_resolution": {
    "type": "version",
    "tag": "v2.6.0",
    "commit": "6ae9829bf505df9ac17c945c934feb88ee6cf880"
  },
  "_source": "https://github.com/nnnick/Chart.js.git",
  "_target": "^2.1.3",
  "_originalSource": "chartjs"
}